{
  "html": {
    "headings": {
      "content": "Die Überschriftenelemente bestehen aus sechs verschiedenen Leveln. &#60h1&#62 ist die Überschrift mit der höchsten Gewichtung und &#60h6&#62 mit der kleinsten. Ein Überschriften-Element beschreibt das Thema des Bereiches, welcher der Überschrift folgt. Überschriften können auch verwendet werden, um ein Inhaltsverzeichnis für ein Dokument automatisch zu erstellen.",
      "references": ["https://developer.mozilla.org/de/docs/Web/HTML/Element/h1-h6"]
    },
    "paragraph": {
      "content": "Das &#60p&#62-Element erzeugt einen Absatz, den zusammenhängenden Abschnitt eines längeren Textes. In HTML kann &#60p&#62 jedoch für jedwede Art von zu gruppierendem, zusammenhängendem Inhalt genutzt werden, zum Beispiel Bilder oder Formularfelder.",
      "references": ["https://developer.mozilla.org/de/docs/Web/HTML/Element/p"]
    }
  },
  "css": {
    "selectors": {
      "content": "Selektoren definieren, auf welche Elemente eine Reihe von CSS Regeln angewendet wird.",
      "references": ["https://developer.mozilla.org/de/docs/Web/CSS/CSS_Selectors"]
    },
    "colors": {
      "content": "Der CSS Datentyp Color beschreibt eine Farbe im sRGB Farbraum. Eine Farbe kann auf eine von drei Arten beschrieben werden: Schlüsselworte, rgb und rgba, hsl und hsla. ...",
      "references": ["https://developer.mozilla.org/de/docs/Web/CSS/Farben"]
    }
  },
  "javascript": {
    "function": {
      "content": "Funktionen sind ein Grundbaustein in JavaScript. Eine Funktion ist eine Prozedur - eine Reihe von Anweisungen, um eine Aufgabe auszuführen oder eine Wert auszurechnen. Um Funktionen zu verwenden, müssen diese im Scope (Gültigkeitsbereich) deklariert werden, in dem sie ausgeführt werden soll.",
      "references": ["https://developer.mozilla.org/de/docs/Web/JavaScript/Guide/Funktionen"]
    },
    "object": {
      "content": "Ein Objekt ist eine Sammlung von zusammenhängenden Daten und/oder Funktionalitäten. Diese bestehen üblicherweise aus verschiedenen Variablen und Funktionen, die Eigenschaften und Methoden genannt werden, wenn sie sich innerhalb von Objekten befinden.",
      "references": ["https://developer.mozilla.org/de/docs/Learn/JavaScript/Objects/Basics"]
    },
    "Schleifen_und_Iterationen": {
      "content": "Schleifen sind ein einfaches Werkzeug, um einzelne Schritte wiederholt auszuführen. Dieses Kapitel des JavaScript Guide stellt die verschiedenen Statements für Iterationen vor, welche in JavaScript zur Verfügung stehen.",
      "references": ["https://developer.mozilla.org/de/docs/Web/JavaScript/Guide/Loops_and_iteration"]
    },
    "Regulaere_Ausdruecke": {
      "content": "Reguläre Ausdrücke sind Muster, die eingesetzt werden, um Text auf bestimmte Zeichenkombinationen zu überprüfen. Auch reguläre Ausdrücke sind Objekte bei JavaScript. Die Muster werden mit den Methoden exec und test von RegExp und den Methoden match, replace, search und split von String verwendet. Dieses Kapitel beschreibt reguläre Ausdrücke in JavaScript.",
      "references": ["https://developer.mozilla.org/de/docs/Web/JavaScript/Guide/Regular_Expressions"]
    },
    "Array": {
      "content": "Das JavaScript-Array ist ein globales Objekt und Konstruktor für das Erstellen von Arrays, welche listenähnliche Objekte sind.",
      "references": ["https://developer.mozilla.org/de/docs/Web/JavaScript/Reference/Global_Objects/Array"]
    },
    "Math": {
      "content": "Math ist ein Standardobjekt, das Eigenschaften und Methoden für mathematische Konstanten und Funktionen besitzt. Es ist kein Funktionsobjekt.",
      "references": ["https://developer.mozilla.org/de/docs/Web/JavaScript/Reference/Global_Objects/Math"]
    }
  }
}


